target,model,repeat,fold,training_rows,test_rows,mae,rmse,r2
energy_kwh,linear_regression,1,1,3600,900,2.1098970541115354,2.950091374037285,0.8343708061927165
energy_kwh,polynomial_ridge,1,1,3600,900,1.4358627323886723,1.9917923646433977,0.9244987609406652
energy_kwh,random_forest,1,1,3600,900,0.18783810416753605,0.39411252004047165,0.9970439864821878
energy_kwh,linear_regression,1,2,3600,900,2.0915199174765102,2.944735042723497,0.8297108572567826
energy_kwh,polynomial_ridge,1,2,3600,900,1.3404502349671614,1.7856407391499918,0.9373843805163341
energy_kwh,random_forest,1,2,3600,900,0.17533860962613074,0.35271030859693203,0.9975569586602766
energy_kwh,linear_regression,1,3,3600,900,2.1501464268449837,3.248778171827662,0.7889620399859516
energy_kwh,polynomial_ridge,1,3,3600,900,1.487191704279319,2.0391182223805178,0.9168609084940808
energy_kwh,random_forest,1,3,3600,900,0.18334532131158737,0.35178855129607267,0.9975255204658569
energy_kwh,linear_regression,1,4,3600,900,2.110104214399766,3.0677822208688714,0.8183263405540331
energy_kwh,polynomial_ridge,1,4,3600,900,1.3555388079534962,1.846147668555905,0.9342075916435489
energy_kwh,random_forest,1,4,3600,900,0.18347584885266952,0.39061783499047803,0.9970545812368257
energy_kwh,linear_regression,1,5,3600,900,1.9992398259659703,2.7251894803019745,0.8647062643077884
energy_kwh,polynomial_ridge,1,5,3600,900,1.334895460322146,1.8092913704280316,0.9403649888894042
energy_kwh,random_forest,1,5,3600,900,0.18024587223951502,0.3578479860585563,0.9976671788951544
energy_kwh,linear_regression,2,1,3600,900,2.0682650796568316,2.8433324923737624,0.8487400857307598
energy_kwh,polynomial_ridge,2,1,3600,900,1.3234687204792475,1.765302724570044,0.9416948473241639
energy_kwh,random_forest,2,1,3600,900,0.1906705245919589,0.37689388707510985,0.997342295198034
energy_kwh,linear_regression,2,2,3600,900,2.10597886782953,3.1281888740923707,0.8075741205467064
energy_kwh,polynomial_ridge,2,2,3600,900,1.418520383410565,1.9689897703281674,0.9237632338960798
energy_kwh,random_forest,2,2,3600,900,0.17529934742467423,0.3353327235989641,0.9977887929077629
energy_kwh,linear_regression,2,3,3600,900,2.12518255760169,2.991150012877827,0.8252416608870421
energy_kwh,polynomial_ridge,2,3,3600,900,1.40500880593986,1.9269206772090883,0.9274747567989167
energy_kwh,random_forest,2,3,3600,900,0.19237756205994602,0.4063843917774242,0.9967742139567274
energy_kwh,linear_regression,2,4,3600,900,2.0960482443206554,3.108498600524629,0.8168888980375683
energy_kwh,polynomial_ridge,2,4,3600,900,1.4140066247449452,1.95535040051493,0.9275459755716804
energy_kwh,random_forest,2,4,3600,900,0.1831901351728899,0.3697307706919418,0.9974094945161892
energy_kwh,linear_regression,2,5,3600,900,2.052953410114151,2.8483892223633114,0.8442753649759711
energy_kwh,polynomial_ridge,2,5,3600,900,1.3792528559222723,1.8415430403562298,0.9349087815529193
energy_kwh,random_forest,2,5,3600,900,0.19287207167774958,0.3853513924438616,0.9971498184840581
energy_kwh,linear_regression,3,1,3600,900,2.032258167299648,2.933780016803338,0.8385591793576957
energy_kwh,polynomial_ridge,3,1,3600,900,1.3468088658964399,1.8333292541625372,0.9369566618123788
energy_kwh,random_forest,3,1,3600,900,0.19666528201973926,0.4194206433688851,0.996700426032312
energy_kwh,linear_regression,3,2,3600,900,2.1517254618044426,3.034400668313463,0.8307941431080166
energy_kwh,polynomial_ridge,3,2,3600,900,1.3535069290455681,1.863822968604786,0.9361620606572613
energy_kwh,random_forest,3,2,3600,900,0.166329197400052,0.305025732055606,0.9982902110849199
energy_kwh,linear_regression,3,3,3600,900,2.096987812391404,2.892347497252037,0.8372662641291813
energy_kwh,polynomial_ridge,3,3,3600,900,1.3998877114978512,1.8935595121624282,0.9302515479465343
energy_kwh,random_forest,3,3,3600,900,0.20136465344161897,0.4172214588493302,0.9966138208580865
energy_kwh,linear_regression,3,4,3600,900,2.083487169636289,2.9350254298243996,0.8310002598446975
energy_kwh,polynomial_ridge,3,4,3600,900,1.4095093447760336,1.8921700346397157,0.9297603043693686
energy_kwh,random_forest,3,4,3600,900,0.17793292201906252,0.37407361912473996,0.9972547843702882
energy_kwh,linear_regression,3,5,3600,900,2.0834222109322766,3.1274744533117538,0.8057691044458974
energy_kwh,polynomial_ridge,3,5,3600,900,1.4344302028258116,1.964166111544107,0.9233896937642064
energy_kwh,random_forest,3,5,3600,900,0.20069931957765025,0.4294584974547923,0.9963375376276956
travel_time_s,linear_regression,1,1,3600,900,8.555525677152142,12.883427820861348,0.6577955091115504
travel_time_s,polynomial_ridge,1,1,3600,900,6.32472967908998,9.497159940283007,0.8140439334245483
travel_time_s,random_forest,1,1,3600,900,1.1263701606498113,1.942639654823263,0.9922195028732123
travel_time_s,linear_regression,1,2,3600,900,8.86962729128809,15.47535706742967,0.5968453927493326
travel_time_s,polynomial_ridge,1,2,3600,900,6.255224713911566,11.582473316611004,0.7741641486268896
travel_time_s,random_forest,1,2,3600,900,1.2466839676441916,2.9800817792135925,0.9850498126639401
travel_time_s,linear_regression,1,3,3600,900,9.223717604587662,17.031479726226607,0.5112707431832914
travel_time_s,polynomial_ridge,1,3,3600,900,6.624907881434677,12.410344769644572,0.740503641593286
travel_time_s,random_forest,1,3,3600,900,1.267490898838369,3.2870514737295897,0.9817955910047219
travel_time_s,linear_regression,1,4,3600,900,9.053178096159087,14.57725135434694,0.6219329501854797
travel_time_s,polynomial_ridge,1,4,3600,900,5.984680232352987,9.840915223573084,0.8276987117029144
travel_time_s,random_forest,1,4,3600,900,1.2862009232290426,3.511235344658345,0.9780650109099758
travel_time_s,linear_regression,1,5,3600,900,8.271538931541906,12.586539517321441,0.6940349165191768
travel_time_s,polynomial_ridge,1,5,3600,900,6.102749545395968,9.123661692035919,0.8392327707914538
travel_time_s,random_forest,1,5,3600,900,1.1748180145153542,2.6316761419700887,0.9866240675408271
travel_time_s,linear_regression,2,1,3600,900,8.173682138726347,13.218486198583044,0.6729064807832774
travel_time_s,polynomial_ridge,2,1,3600,900,6.076146278582734,9.654874256026334,0.825497465345081
travel_time_s,random_forest,2,1,3600,900,1.1861225680161163,2.161139502653545,0.9912567257920137
travel_time_s,linear_regression,2,2,3600,900,8.778116942784662,14.956462742980916,0.5939917423768137
travel_time_s,polynomial_ridge,2,2,3600,900,6.200815629057586,10.73037253090636,0.7910190595355516
travel_time_s,random_forest,2,2,3600,900,1.3033833216642872,3.2892005482814293,0.9803637845932428
travel_time_s,linear_regression,2,3,3600,900,8.754374756049724,13.464283073358024,0.6517590676976817
travel_time_s,polynomial_ridge,2,3,3600,900,6.315393966704423,9.872480646799014,0.8127740979937603
travel_time_s,random_forest,2,3,3600,900,1.1472878122091037,2.282513782040843,0.9899921643079392
travel_time_s,linear_regression,2,4,3600,900,9.197846432407513,15.725876769473613,0.5669630977282513
travel_time_s,polynomial_ridge,2,4,3600,900,6.4027695603140655,11.190155661980361,0.7807359524289891
travel_time_s,random_forest,2,4,3600,900,1.2481466960928933,2.355085936068431,0.9902879996578527
travel_time_s,linear_regression,2,5,3600,900,8.99829352404029,15.366600018960561,0.5904432776198976
travel_time_s,polynomial_ridge,2,5,3600,900,6.303766051401096,11.242417881743568,0.7807811310610543
travel_time_s,random_forest,2,5,3600,900,1.120828650540245,2.5580875501922984,0.9886501716692288
travel_time_s,linear_regression,3,1,3600,900,8.406237622643696,14.005252027114144,0.6461302486273652
travel_time_s,polynomial_ridge,3,1,3600,900,6.067983125017384,10.085413116030455,0.8164945492714066
travel_time_s,random_forest,3,1,3600,900,1.1145289490202728,2.33972387215992,0.9901237790717693
travel_time_s,linear_regression,3,2,3600,900,8.64179225125737,14.029597690538504,0.6337981720278459
travel_time_s,polynomial_ridge,3,2,3600,900,6.248185637670884,10.239458176997482,0.8049329007567869
travel_time_s,random_forest,3,2,3600,900,1.112920740985608,2.1833932121269655,0.9911306052492687
travel_time_s,linear_regression,3,3,3600,900,8.870723148153001,14.23679755355952,0.6165370893454161
travel_time_s,polynomial_ridge,3,3,3600,900,6.257764227118032,10.209861146034788,0.8027856933738216
travel_time_s,random_forest,3,3,3600,900,1.1563602033519593,2.548951520381898,0.9877080185388334
travel_time_s,linear_regression,3,4,3600,900,8.480315544274536,13.236320863758948,0.6446061748431466
travel_time_s,polynomial_ridge,3,4,3600,900,6.062050125786225,9.567180376126654,0.8143293622603905
travel_time_s,random_forest,3,4,3600,900,1.1307786245752087,2.021085038565125,0.9917140085797083
travel_time_s,linear_regression,3,5,3600,900,9.525334608037895,17.13871594986669,0.5414093100239683
travel_time_s,polynomial_ridge,3,5,3600,900,6.644526973770824,12.435200174141693,0.7585794511067666
travel_time_s,random_forest,3,5,3600,900,1.3456290338531622,3.1114297294144238,0.984885678159246
