surrogate_rank,acceleration_ms2,deceleration_ms2,speed_limit_kmh,coasting_point_m,predicted_energy_kwh,actual_energy_kwh,energy_error_kwh,predicted_travel_time_s,actual_travel_time_s,travel_time_error_s,final_position_error_m,simulator_feasible,verified_successful
1,1.0059539345382271,1.0056091137889278,57.4066076122481,310.63418404532104,8.371430428402055,8.330502578974855,-0.04092784942720051,149.9817509323797,151.1389411920317,1.1571902596519976,0.0,True,False
2,1.1283247458423635,1.0332740194246743,56.64682480829119,448.7926758740766,8.371924157631565,8.357959415358192,-0.013964742273373076,149.8520706988428,150.13455006609806,0.282479367255263,0.0,True,False
3,1.1524557113309233,1.0451348819223345,57.325170910079265,318.2295100914472,8.391896249982185,8.326595953940808,-0.06530029604137688,149.35461439531895,149.9385270228348,0.5839126275158435,0.0,True,True
4,1.0687657268249664,1.0681694860035496,57.37110623729691,343.69827927533225,8.421306431792988,8.379557098304739,-0.04174933348824972,149.37029598871004,149.93322811196472,0.5629321232546829,0.0,True,True
5,1.019801689678279,1.0932143306857833,57.37250763021302,378.5898894485967,8.440779979727967,8.437215795225503,-0.003564184502463874,149.47598387427436,149.72395383298402,0.24796995870966043,0.0,True,True
6,1.078847306044086,1.0324253040532538,57.382690335485705,387.26173419805684,8.471848378658702,8.457285077798932,-0.014563300859769868,149.15476587392288,149.45952820983615,0.3047623359132672,0.0,True,True
7,1.1786164987873637,0.8897311169717231,59.30307864675619,181.8354058782902,8.48735720855682,8.648466526589141,0.16110931803232198,149.8959241190619,148.18534364425912,-1.7105804748027822,0.0,True,True
8,1.0257009445138654,0.8906410797712587,57.53483850104582,387.27090112709016,8.491909949557197,8.497702030794098,0.005792081236901225,149.85232820073253,150.50531074222954,0.6529825414970105,0.0,True,False
9,1.1697655548881662,0.993181052244948,57.919480135862806,226.6899867913116,8.492294210290034,8.336427271764382,-0.15586693852565148,148.77069571515054,150.0232052561372,1.2525095409866651,0.0,True,False
10,1.13848246845388,0.9686107671647487,59.05452590494927,204.11693174397783,8.495074921728428,8.615271180721665,0.12019625899323749,148.99455756681238,148.03370855264365,-0.9608490141687298,0.0,True,True
11,1.192372628830995,0.6744749034130857,59.24915212307618,199.75952491741975,8.5015589479324,8.664976879507819,0.1634179315754185,149.9399355958051,150.3737433109956,0.43380771519048267,0.0,True,False
12,1.1596857559590892,1.024546337245881,56.6077306605079,551.9919915345831,8.514301659598623,8.521728294195515,0.007426634596892967,149.56353157252155,148.79810642552508,-0.7654251469964777,0.0,True,True
13,1.0900626160406162,1.0855635020758552,55.673856871976724,728.8987509473553,8.515604177140887,8.553366411339159,0.03776223419827218,149.7569394316635,149.21526777296185,-0.5416716587016595,0.0,True,True
14,1.0075086732270015,0.9669870817790951,58.3181100125773,229.6261331348133,8.519382021973616,8.446208729370742,-0.07317329260287408,149.9038662003706,150.40039877297906,0.4965325726084586,0.0,True,False
15,1.1758064273498154,0.8089266129237639,58.198026318097575,240.4375968075502,8.524828921704575,8.438115824626296,-0.08671309707827923,149.56624249870626,150.71112126057602,1.1448787618697622,0.0,True,False
16,1.1633296318645423,0.892994585024488,57.70705172850245,306.70391439420825,8.525871511117337,8.413831964756843,-0.11203954636049396,149.37264462099833,150.2476662463666,0.8750216253682765,0.0,True,False
17,1.0390301690358963,0.8849939485228346,58.262668107509064,229.80625335788798,8.535338914961047,8.432462935333504,-0.10287597962754269,149.8173920980534,150.89350898072016,1.0761168826667529,0.0,True,False
18,1.151730029456147,0.9416143264000876,57.78876422094736,288.6927083855693,8.537289543297812,8.405476177506582,-0.1318133657912295,148.89836407188952,149.97419822659882,1.0758341547092982,0.0,True,True
19,1.1720137520890401,0.8280392329501013,57.58152612662657,429.81460884312594,8.540362585400455,8.58905558887502,0.04869300347456473,149.1467954285588,149.50364822501024,0.35685279645144874,0.0,True,True
20,0.9608421496048625,1.0104657405994446,57.5860390679493,422.7339909391655,8.543884309367142,8.569486911666361,0.025602602299219512,149.04807934569814,149.65093677099014,0.6028574252920009,0.0,True,True
21,1.1367176076445038,0.9863721926452169,59.08703776409685,205.2308597250323,8.549261845811664,8.626360439929842,0.0770985941181781,148.71962029767747,147.8909129235708,-0.8287073741066706,0.0,True,True
22,1.093800886321417,1.0681203006196927,54.28410667675182,968.5806183657345,8.55712774558664,8.559206060002785,0.0020783144161438116,149.67755176920213,150.35533891052197,0.6777871413198397,0.0,True,False
23,0.9479764887437248,0.9410745448400661,58.008042323490784,267.2504277274811,8.562822010282614,8.421123113437268,-0.1416988968453463,149.94882315386963,151.2696893922647,1.3208662383950696,0.0,True,False
24,1.1583879939201882,0.9742518654709018,58.24310912882956,248.03244256191408,8.568160432446167,8.463214600277666,-0.10494583216850017,148.39388871367242,149.14406710752104,0.7501783938486142,0.0,True,True
25,1.0309164278821716,1.0759382382908866,57.72673959261238,360.58255944534744,8.570294388365072,8.506224646149004,-0.06406974221606809,149.2778022239968,149.0993055509058,-0.17849667309099004,0.0,True,True
26,1.062914327433278,1.0537211199565901,54.345262316367105,968.1489278339282,8.571598729763299,8.574559866017413,0.002961136254114649,149.95426200588133,150.448740505754,0.49447849987265613,0.0,True,False
27,1.0434019567270125,0.9028906109047716,59.061571851635705,211.85322448642432,8.572736767986532,8.626623952302838,0.05388718431630579,149.1971696612765,149.14524855745046,-0.05192110382603232,0.0,True,True
28,1.1190701259396403,1.042476871505043,57.063596224805906,472.30964784985,8.575178026684616,8.513715524993989,-0.06146250169062739,149.79688476427438,148.85537926108765,-0.9415055031867325,0.0,True,True
29,1.0888779656313077,1.034065020362875,71.04500407830761,129.1376716023647,8.57536696337745,8.85727148627056,0.28190452289311096,148.24797884587835,146.03368061482206,-2.21429823105629,0.0,True,True
30,1.1069050272631307,0.9733013806517041,57.82345571498321,320.94757771038,8.57781446509915,8.468716749334451,-0.10909771576469929,148.77930966055996,149.56459911752214,0.7852894569621753,0.0,True,True
31,1.1339438538961593,1.027117090121671,54.19154067194884,1017.5087806739307,8.585239554002797,8.614130088753761,0.028890534750964036,149.8553384446279,150.14711401256494,0.2917755679370373,0.0,True,False
32,0.8754346323837495,1.0820393993952169,57.87575864308943,326.80003943783015,8.588694536317078,8.48203443406439,-0.10666010225268785,149.38170995576652,150.526312651707,1.1446026959404776,0.0,True,False
33,1.1621895828374016,0.9353879285101208,57.5363567092756,444.93784371922106,8.589360214183712,8.601761440297022,0.01240122611330996,148.37843941931968,148.55302452037535,0.17458510105566916,0.0,True,True
34,1.0220682499484668,0.8916077059710308,58.31973759048603,269.96375130748703,8.593018752966161,8.516898113687978,-0.07612063927818369,149.1765872740552,150.29999293218077,1.123405658125563,0.0,True,False
35,0.8865242558515485,0.9480008781496875,87.10062441239144,157.51471872111432,8.593030965424605,8.835749817486528,0.24271885206192323,148.47048607418887,148.438404545452,-0.03208152873688164,0.0,True,True
36,1.1880215088065427,1.0498937760157552,56.625795254798646,610.9368450650807,8.601055818943383,8.62686702130376,0.025811202360376484,148.72071546961823,147.78921944420821,-0.9314960254100129,0.0,True,True
37,0.7900669055325618,0.998938560178815,57.626987953135455,453.13008670405515,8.601500568385458,8.622351371372229,0.020850802986771555,149.66523562716122,151.07446960483884,1.4092339776776157,0.0,True,False
38,1.043659853441656,0.9364059758436888,108.38321952140889,129.29868976860894,8.604053445940307,8.505356428991906,-0.09869701694840138,149.95959616638885,149.8447444008555,-0.11485176553335918,0.0,True,True
39,1.085405333620467,0.7609791915786921,71.58911766140127,133.86148345773051,8.605217975747925,9.154343224260504,0.5491252485125795,148.56422689470062,146.3012412797142,-2.262985614986434,0.0,True,True
40,1.0549839858168912,1.0059836052473963,59.48504596225823,204.76026794488206,8.606356211213587,8.735166132328365,0.12880992111477774,148.52390450337114,147.4148781106109,-1.109026392760228,0.0,True,True
41,1.0762053283188724,0.8819559456086836,58.03919048642818,309.88221240085915,8.607028254719177,8.509084060372937,-0.09794419434624047,149.12433614467074,150.03088496698663,0.906548822315898,0.0,True,False
42,1.1234438312116652,1.007828362902758,57.37117497302266,464.13821610650865,8.608274258505599,8.586490849293954,-0.02178340921164512,148.3745626254425,148.4510218422308,0.07645921678829382,0.0,True,True
43,0.9337838137444463,0.8847514120472298,57.70858315841903,415.23682946890585,8.609152969755634,8.58976919817991,-0.019383771575723685,149.7488278340515,150.57803988524768,0.8292120511961798,0.0,True,False
44,1.0378588051188697,0.8199336539524666,58.04060949500314,308.26722866424484,8.610527858195372,8.50505658216644,-0.10547127602893269,149.66051757497144,150.92892613320276,1.2684085582313287,0.0,True,False
45,1.0403487461643395,1.0314612361962925,80.01604684416756,138.52617973753706,8.611108743701198,9.087628084170284,0.4765193404690855,145.91712676710281,144.63374663668046,-1.2833801304223584,0.0,True,True
46,1.0389686906091238,0.8322126775272245,75.07236472649501,138.93718234178647,8.61380093795796,9.102848795891605,0.48904785793364525,147.06129420338112,146.13853249993107,-0.9227617034500497,0.0,True,True
47,0.9215477150108985,0.9683581806115019,58.01468727968721,329.78126524411095,8.61951819584879,8.528852409903537,-0.09066578594525332,149.43594889611424,150.4294714608006,0.9935225646863728,0.0,True,False
48,0.9817405367735292,0.9398981385079912,76.98400592395917,140.7842279934972,8.619936864512713,8.724111667996572,0.10417480348385944,149.57550562955555,148.46134657965737,-1.114159049898177,0.0,True,True
49,0.7664432664971927,1.0912870213049186,58.18941221545331,290.9934446409957,8.623357953808322,8.500589854913704,-0.1227680988946176,149.9197582375087,151.59250551668586,1.6727472791771731,0.0,True,False
50,1.0507113697084716,0.9676134019324365,73.21640021201998,138.04629841228888,8.623867515749982,9.144808240469416,0.5209407247194342,146.35096910831479,144.59486904067384,-1.7561000676409435,0.0,True,True
