rank,acceleration_ms2,deceleration_ms2,speed_limit_kmh,coasting_point_m,predicted_energy_kwh,predicted_travel_time_s,travel_time_margin_s,predicted_feasible,energy_model,travel_time_model,verification_status
1,1.0059539345382271,1.0056091137889278,57.4066076122481,310.63418404532104,8.371430428402055,149.9817509323797,0.018249067620303094,True,random_forest,random_forest,surrogate_prediction_only
2,1.1283247458423635,1.0332740194246743,56.64682480829119,448.7926758740766,8.371924157631565,149.8520706988428,0.14792930115720537,True,random_forest,random_forest,surrogate_prediction_only
3,1.1524557113309233,1.0451348819223345,57.325170910079265,318.2295100914472,8.391896249982185,149.35461439531895,0.6453856046810529,True,random_forest,random_forest,surrogate_prediction_only
4,1.0687657268249664,1.0681694860035496,57.37110623729691,343.69827927533225,8.421306431792988,149.37029598871004,0.6297040112899595,True,random_forest,random_forest,surrogate_prediction_only
5,1.019801689678279,1.0932143306857833,57.37250763021302,378.5898894485967,8.440779979727967,149.47598387427436,0.5240161257256375,True,random_forest,random_forest,surrogate_prediction_only
6,1.078847306044086,1.0324253040532538,57.382690335485705,387.26173419805684,8.471848378658702,149.15476587392288,0.8452341260771163,True,random_forest,random_forest,surrogate_prediction_only
7,1.1786164987873637,0.8897311169717231,59.30307864675619,181.8354058782902,8.48735720855682,149.8959241190619,0.1040758809380975,True,random_forest,random_forest,surrogate_prediction_only
8,1.0257009445138654,0.8906410797712587,57.53483850104582,387.27090112709016,8.491909949557197,149.85232820073253,0.14767179926747076,True,random_forest,random_forest,surrogate_prediction_only
9,1.1697655548881662,0.993181052244948,57.919480135862806,226.6899867913116,8.492294210290034,148.77069571515054,1.2293042848494622,True,random_forest,random_forest,surrogate_prediction_only
10,1.13848246845388,0.9686107671647487,59.05452590494927,204.11693174397783,8.495074921728428,148.99455756681238,1.0054424331876248,True,random_forest,random_forest,surrogate_prediction_only
11,1.192372628830995,0.6744749034130857,59.24915212307618,199.75952491741975,8.5015589479324,149.9399355958051,0.060064404194889676,True,random_forest,random_forest,surrogate_prediction_only
12,1.1596857559590892,1.024546337245881,56.6077306605079,551.9919915345831,8.514301659598623,149.56353157252155,0.43646842747844516,True,random_forest,random_forest,surrogate_prediction_only
13,1.0900626160406162,1.0855635020758552,55.673856871976724,728.8987509473553,8.515604177140887,149.7569394316635,0.2430605683364888,True,random_forest,random_forest,surrogate_prediction_only
14,1.0075086732270015,0.9669870817790951,58.3181100125773,229.6261331348133,8.519382021973616,149.9038662003706,0.09613379962939916,True,random_forest,random_forest,surrogate_prediction_only
15,1.1758064273498154,0.8089266129237639,58.198026318097575,240.4375968075502,8.524828921704575,149.56624249870626,0.4337575012937407,True,random_forest,random_forest,surrogate_prediction_only
16,1.1633296318645423,0.892994585024488,57.70705172850245,306.70391439420825,8.525871511117337,149.37264462099833,0.6273553790016706,True,random_forest,random_forest,surrogate_prediction_only
17,1.0390301690358963,0.8849939485228346,58.262668107509064,229.80625335788798,8.535338914961047,149.8173920980534,0.18260790194659648,True,random_forest,random_forest,surrogate_prediction_only
18,1.151730029456147,0.9416143264000876,57.78876422094736,288.6927083855693,8.537289543297812,148.89836407188952,1.1016359281104826,True,random_forest,random_forest,surrogate_prediction_only
19,1.1720137520890401,0.8280392329501013,57.58152612662657,429.81460884312594,8.540362585400455,149.1467954285588,0.8532045714412106,True,random_forest,random_forest,surrogate_prediction_only
20,0.9608421496048625,1.0104657405994446,57.5860390679493,422.7339909391655,8.543884309367142,149.04807934569814,0.9519206543018583,True,random_forest,random_forest,surrogate_prediction_only
21,1.1367176076445038,0.9863721926452169,59.08703776409685,205.2308597250323,8.549261845811664,148.71962029767747,1.2803797023225343,True,random_forest,random_forest,surrogate_prediction_only
22,1.093800886321417,1.0681203006196927,54.28410667675182,968.5806183657345,8.55712774558664,149.67755176920213,0.32244823079787466,True,random_forest,random_forest,surrogate_prediction_only
23,0.9479764887437248,0.9410745448400661,58.008042323490784,267.2504277274811,8.562822010282614,149.94882315386963,0.05117684613037454,True,random_forest,random_forest,surrogate_prediction_only
24,1.1583879939201882,0.9742518654709018,58.24310912882956,248.03244256191408,8.568160432446167,148.39388871367242,1.6061112863275753,True,random_forest,random_forest,surrogate_prediction_only
25,1.0309164278821716,1.0759382382908866,57.72673959261238,360.58255944534744,8.570294388365072,149.2778022239968,0.7221977760032132,True,random_forest,random_forest,surrogate_prediction_only
26,1.062914327433278,1.0537211199565901,54.345262316367105,968.1489278339282,8.571598729763299,149.95426200588133,0.0457379941186673,True,random_forest,random_forest,surrogate_prediction_only
27,1.0434019567270125,0.9028906109047716,59.061571851635705,211.85322448642432,8.572736767986532,149.1971696612765,0.8028303387235098,True,random_forest,random_forest,surrogate_prediction_only
28,1.1190701259396403,1.042476871505043,57.063596224805906,472.30964784985,8.575178026684616,149.79688476427438,0.20311523572561896,True,random_forest,random_forest,surrogate_prediction_only
29,1.0888779656313077,1.034065020362875,71.04500407830761,129.1376716023647,8.57536696337745,148.24797884587835,1.7520211541216497,True,random_forest,random_forest,surrogate_prediction_only
30,1.1069050272631307,0.9733013806517041,57.82345571498321,320.94757771038,8.57781446509915,148.77930966055996,1.22069033944004,True,random_forest,random_forest,surrogate_prediction_only
31,1.1339438538961593,1.027117090121671,54.19154067194884,1017.5087806739307,8.585239554002797,149.8553384446279,0.14466155537209602,True,random_forest,random_forest,surrogate_prediction_only
32,0.8754346323837495,1.0820393993952169,57.87575864308943,326.80003943783015,8.588694536317078,149.38170995576652,0.6182900442334756,True,random_forest,random_forest,surrogate_prediction_only
33,1.1621895828374016,0.9353879285101208,57.5363567092756,444.93784371922106,8.589360214183712,148.37843941931968,1.621560580680324,True,random_forest,random_forest,surrogate_prediction_only
34,1.0220682499484668,0.8916077059710308,58.31973759048603,269.96375130748703,8.593018752966161,149.1765872740552,0.8234127259447916,True,random_forest,random_forest,surrogate_prediction_only
35,0.8865242558515485,0.9480008781496875,87.10062441239144,157.51471872111432,8.593030965424605,148.47048607418887,1.5295139258111305,True,random_forest,random_forest,surrogate_prediction_only
36,1.1880215088065427,1.0498937760157552,56.625795254798646,610.9368450650807,8.601055818943383,148.72071546961823,1.2792845303817728,True,random_forest,random_forest,surrogate_prediction_only
37,0.7900669055325618,0.998938560178815,57.626987953135455,453.13008670405515,8.601500568385458,149.66523562716122,0.3347643728387766,True,random_forest,random_forest,surrogate_prediction_only
38,1.043659853441656,0.9364059758436888,108.38321952140889,129.29868976860894,8.604053445940307,149.95959616638885,0.040403833611151185,True,random_forest,random_forest,surrogate_prediction_only
39,1.085405333620467,0.7609791915786921,71.58911766140127,133.86148345773051,8.605217975747925,148.56422689470062,1.4357731052993756,True,random_forest,random_forest,surrogate_prediction_only
40,1.0549839858168912,1.0059836052473963,59.48504596225823,204.76026794488206,8.606356211213587,148.52390450337114,1.476095496628858,True,random_forest,random_forest,surrogate_prediction_only
41,1.0762053283188724,0.8819559456086836,58.03919048642818,309.88221240085915,8.607028254719177,149.12433614467074,0.8756638553292646,True,random_forest,random_forest,surrogate_prediction_only
42,1.1234438312116652,1.007828362902758,57.37117497302266,464.13821610650865,8.608274258505599,148.3745626254425,1.6254373745574924,True,random_forest,random_forest,surrogate_prediction_only
43,0.9337838137444463,0.8847514120472298,57.70858315841903,415.23682946890585,8.609152969755634,149.7488278340515,0.25117216594850333,True,random_forest,random_forest,surrogate_prediction_only
44,1.0378588051188697,0.8199336539524666,58.04060949500314,308.26722866424484,8.610527858195372,149.66051757497144,0.33948242502856374,True,random_forest,random_forest,surrogate_prediction_only
45,1.0403487461643395,1.0314612361962925,80.01604684416756,138.52617973753706,8.611108743701198,145.91712676710281,4.082873232897185,True,random_forest,random_forest,surrogate_prediction_only
46,1.0389686906091238,0.8322126775272245,75.07236472649501,138.93718234178647,8.61380093795796,147.06129420338112,2.9387057966188763,True,random_forest,random_forest,surrogate_prediction_only
47,0.9215477150108985,0.9683581806115019,58.01468727968721,329.78126524411095,8.61951819584879,149.43594889611424,0.5640511038857596,True,random_forest,random_forest,surrogate_prediction_only
48,0.9817405367735292,0.9398981385079912,76.98400592395917,140.7842279934972,8.619936864512713,149.57550562955555,0.4244943704444495,True,random_forest,random_forest,surrogate_prediction_only
49,0.7664432664971927,1.0912870213049186,58.18941221545331,290.9934446409957,8.623357953808322,149.9197582375087,0.08024176249131187,True,random_forest,random_forest,surrogate_prediction_only
50,1.0507113697084716,0.9676134019324365,73.21640021201998,138.04629841228888,8.623867515749982,146.35096910831479,3.6490308916852143,True,random_forest,random_forest,surrogate_prediction_only
