varied_feature,direction,fraction_of_feature_range,acceleration_ms2,deceleration_ms2,speed_limit_kmh,coasting_point_m,predicted_energy_kwh,predicted_travel_time_s,energy_change_kwh,travel_time_change_s,predicted_feasible_120s
acceleration_ms2,decrease,0.025,0.99,1.1,73.63826195462096,1000.0,14.975472304347473,120.09666220864784,-0.0009142001188724436,0.09666220864784236,False
acceleration_ms2,decrease,0.05,0.98,1.1,73.63826195462096,1000.0,14.974487240154104,120.19676629935188,-0.0018992643122413,0.19676629935187862,False
deceleration_ms2,decrease,0.025,1.0,1.09,73.63826195462096,1000.0,14.978147436006292,120.07419906057072,0.0017609315399464975,0.07419906057072012,False
deceleration_ms2,decrease,0.05,1.0,1.08,73.63826195462096,1000.0,14.979863776183675,120.1506997482989,0.0034772717173296996,0.15069974829890498,False
speed_limit_kmh,decrease,0.025,1.0,1.1,72.63826195462096,1000.0,14.596045300489946,121.13523751453135,-0.3803412039763998,1.1352375145313545,False
speed_limit_kmh,increase,0.025,1.0,1.1,74.63826195462096,1000.0,15.360764902032578,118.88614063392312,0.38437839756623227,-1.1138593660768805,True
speed_limit_kmh,decrease,0.05,1.0,1.1,71.63826195462096,1000.0,14.219741290103375,122.29185317751717,-0.7566452143629707,2.2918531775171687,False
speed_limit_kmh,increase,0.05,1.0,1.1,75.63826195462096,1000.0,15.74918049318864,117.79365941630071,0.7727939887222934,-2.206340583699287,True
coasting_point_m,increase,0.025,1.0,1.1,73.63826195462096,1015.0,15.01126820263657,119.95213089683915,0.03488169817022424,-0.047869103160849136,True
coasting_point_m,increase,0.05,1.0,1.1,73.63826195462096,1030.0,15.046077485680437,119.9049230128491,0.0696909812140909,-0.09507698715090385,True
