varied_feature,varied_value,acceleration_ms2,deceleration_ms2,speed_limit_kmh,coasting_point_m,predicted_energy_kwh,predicted_travel_time_s,predicted_feasible_under_limit
acceleration_ms2,0.4,0.4,1.0056091137889278,57.4066076122481,310.63418404532104,8.273739672472876,162.9722700143475,False
acceleration_ms2,0.40800000000000003,0.40800000000000003,1.0056091137889278,57.4066076122481,310.63418404532104,8.318069044018769,160.0319614879071,False
acceleration_ms2,0.41600000000000004,0.41600000000000004,1.0056091137889278,57.4066076122481,310.63418404532104,8.318069044018769,159.9649570705101,False
acceleration_ms2,0.42400000000000004,0.42400000000000004,1.0056091137889278,57.4066076122481,310.63418404532104,8.325678419666447,160.03527775775513,False
acceleration_ms2,0.43200000000000005,0.43200000000000005,1.0056091137889278,57.4066076122481,310.63418404532104,8.325678419666447,159.9761587815547,False
acceleration_ms2,0.44,0.44,1.0056091137889278,57.4066076122481,310.63418404532104,8.325862332057262,160.07715165400023,False
acceleration_ms2,0.448,0.448,1.0056091137889278,57.4066076122481,310.63418404532104,8.324479958867766,159.9640589917492,False
acceleration_ms2,0.456,0.456,1.0056091137889278,57.4066076122481,310.63418404532104,8.326303594813117,159.65724685341146,False
acceleration_ms2,0.464,0.464,1.0056091137889278,57.4066076122481,310.63418404532104,8.327049329778959,159.59484493675808,False
acceleration_ms2,0.47200000000000003,0.47200000000000003,1.0056091137889278,57.4066076122481,310.63418404532104,8.330950790678422,159.64326348928012,False
acceleration_ms2,0.48000000000000004,0.48000000000000004,1.0056091137889278,57.4066076122481,310.63418404532104,8.326994459515872,159.26981333221772,False
acceleration_ms2,0.488,0.488,1.0056091137889278,57.4066076122481,310.63418404532104,8.326994459515872,159.4850251132297,False
acceleration_ms2,0.496,0.496,1.0056091137889278,57.4066076122481,310.63418404532104,8.326994459515872,159.00809674488485,False
acceleration_ms2,0.504,0.504,1.0056091137889278,57.4066076122481,310.63418404532104,8.325085139673263,158.41610796005764,False
acceleration_ms2,0.512,0.512,1.0056091137889278,57.4066076122481,310.63418404532104,8.333164662833758,157.999591504082,False
acceleration_ms2,0.52,0.52,1.0056091137889278,57.4066076122481,310.63418404532104,8.33426156559792,157.56919789835473,False
acceleration_ms2,0.528,0.528,1.0056091137889278,57.4066076122481,310.63418404532104,8.339038307093867,157.2547582412115,False
acceleration_ms2,0.536,0.536,1.0056091137889278,57.4066076122481,310.63418404532104,8.34333007495332,156.64196277613374,False
acceleration_ms2,0.544,0.544,1.0056091137889278,57.4066076122481,310.63418404532104,8.346175778758912,156.40434372153678,False
acceleration_ms2,0.552,0.552,1.0056091137889278,57.4066076122481,310.63418404532104,8.346665815139419,156.19185361374534,False
acceleration_ms2,0.56,0.56,1.0056091137889278,57.4066076122481,310.63418404532104,8.349917994869342,155.89765393694844,False
acceleration_ms2,0.5680000000000001,0.5680000000000001,1.0056091137889278,57.4066076122481,310.63418404532104,8.349917994869342,155.77277636807437,False
acceleration_ms2,0.5760000000000001,0.5760000000000001,1.0056091137889278,57.4066076122481,310.63418404532104,8.351507235047388,155.5916127968854,False
acceleration_ms2,0.5840000000000001,0.5840000000000001,1.0056091137889278,57.4066076122481,310.63418404532104,8.351675741559621,155.44665185332525,False
acceleration_ms2,0.5920000000000001,0.5920000000000001,1.0056091137889278,57.4066076122481,310.63418404532104,8.35046635520639,155.2676113932798,False
acceleration_ms2,0.6000000000000001,0.6000000000000001,1.0056091137889278,57.4066076122481,310.63418404532104,8.350443628586204,154.9170756204445,False
acceleration_ms2,0.6080000000000001,0.6080000000000001,1.0056091137889278,57.4066076122481,310.63418404532104,8.35061192741536,154.51725476577508,False
acceleration_ms2,0.616,0.616,1.0056091137889278,57.4066076122481,310.63418404532104,8.35061192741536,154.44603778497094,False
acceleration_ms2,0.624,0.624,1.0056091137889278,57.4066076122481,310.63418404532104,8.350769199094344,153.9445135697975,False
acceleration_ms2,0.632,0.632,1.0056091137889278,57.4066076122481,310.63418404532104,8.350004580262972,153.4192681133304,False
acceleration_ms2,0.64,0.64,1.0056091137889278,57.4066076122481,310.63418404532104,8.353708412814658,153.0392996515082,False
acceleration_ms2,0.648,0.648,1.0056091137889278,57.4066076122481,310.63418404532104,8.353708412814658,152.7185716489021,False
acceleration_ms2,0.656,0.656,1.0056091137889278,57.4066076122481,310.63418404532104,8.35522018336694,152.65276956122486,False
acceleration_ms2,0.664,0.664,1.0056091137889278,57.4066076122481,310.63418404532104,8.35522018336694,152.56637281526332,False
acceleration_ms2,0.672,0.672,1.0056091137889278,57.4066076122481,310.63418404532104,8.354854352682718,152.48988895408593,False
acceleration_ms2,0.68,0.68,1.0056091137889278,57.4066076122481,310.63418404532104,8.354854352682718,152.27127813815846,False
acceleration_ms2,0.6880000000000001,0.6880000000000001,1.0056091137889278,57.4066076122481,310.63418404532104,8.354854352682718,151.98362568179778,False
acceleration_ms2,0.696,0.696,1.0056091137889278,57.4066076122481,310.63418404532104,8.352880757926936,151.9580947408893,False
acceleration_ms2,0.704,0.704,1.0056091137889278,57.4066076122481,310.63418404532104,8.351759050173392,151.82779136345803,False
acceleration_ms2,0.712,0.712,1.0056091137889278,57.4066076122481,310.63418404532104,8.35120246714737,151.7772359591082,False
acceleration_ms2,0.72,0.72,1.0056091137889278,57.4066076122481,310.63418404532104,8.354545846009447,151.66021461321122,False
acceleration_ms2,0.728,0.728,1.0056091137889278,57.4066076122481,310.63418404532104,8.354545846009447,151.3736356469847,False
acceleration_ms2,0.736,0.736,1.0056091137889278,57.4066076122481,310.63418404532104,8.352928352776194,151.12687613295964,False
acceleration_ms2,0.744,0.744,1.0056091137889278,57.4066076122481,310.63418404532104,8.352912353986982,151.12046263672613,False
acceleration_ms2,0.752,0.752,1.0056091137889278,57.4066076122481,310.63418404532104,8.353974432235956,151.047244220354,False
acceleration_ms2,0.76,0.76,1.0056091137889278,57.4066076122481,310.63418404532104,8.354303949531293,151.04032750735436,False
acceleration_ms2,0.768,0.768,1.0056091137889278,57.4066076122481,310.63418404532104,8.354303949531293,151.0203516569555,False
acceleration_ms2,0.776,0.776,1.0056091137889278,57.4066076122481,310.63418404532104,8.35267289900978,150.96106573685046,False
acceleration_ms2,0.784,0.784,1.0056091137889278,57.4066076122481,310.63418404532104,8.354776239425284,150.9461080597228,False
acceleration_ms2,0.792,0.792,1.0056091137889278,57.4066076122481,310.63418404532104,8.354776239425284,150.8310549730402,False
acceleration_ms2,0.8,0.8,1.0056091137889278,57.4066076122481,310.63418404532104,8.354776239425284,150.7821061901896,False
acceleration_ms2,0.808,0.808,1.0056091137889278,57.4066076122481,310.63418404532104,8.354862715449856,150.8048861761555,False
acceleration_ms2,0.8160000000000001,0.8160000000000001,1.0056091137889278,57.4066076122481,310.63418404532104,8.3549676736566,150.79077084268351,False
acceleration_ms2,0.8240000000000001,0.8240000000000001,1.0056091137889278,57.4066076122481,310.63418404532104,8.3549676736566,150.74187209459268,False
acceleration_ms2,0.8320000000000001,0.8320000000000001,1.0056091137889278,57.4066076122481,310.63418404532104,8.355025145146183,150.70855740709683,False
acceleration_ms2,0.8400000000000001,0.8400000000000001,1.0056091137889278,57.4066076122481,310.63418404532104,8.355021658200082,150.71157075784612,False
acceleration_ms2,0.8480000000000001,0.8480000000000001,1.0056091137889278,57.4066076122481,310.63418404532104,8.355021658200082,150.69492252969417,False
acceleration_ms2,0.8560000000000001,0.8560000000000001,1.0056091137889278,57.4066076122481,310.63418404532104,8.36028458591177,150.64367545886697,False
acceleration_ms2,0.8640000000000001,0.8640000000000001,1.0056091137889278,57.4066076122481,310.63418404532104,8.36028458591177,150.6231676105666,False
acceleration_ms2,0.8720000000000001,0.8720000000000001,1.0056091137889278,57.4066076122481,310.63418404532104,8.35994726845047,150.40978113730745,False
acceleration_ms2,0.88,0.88,1.0056091137889278,57.4066076122481,310.63418404532104,8.360352510564903,150.37948157436492,False
acceleration_ms2,0.888,0.888,1.0056091137889278,57.4066076122481,310.63418404532104,8.361330669113551,150.37671702986873,False
acceleration_ms2,0.896,0.896,1.0056091137889278,57.4066076122481,310.63418404532104,8.361329741881166,150.312755694128,False
acceleration_ms2,0.904,0.904,1.0056091137889278,57.4066076122481,310.63418404532104,8.361909386146355,150.31034020138736,False
acceleration_ms2,0.912,0.912,1.0056091137889278,57.4066076122481,310.63418404532104,8.362414889613637,150.27631946613926,False
acceleration_ms2,0.92,0.92,1.0056091137889278,57.4066076122481,310.63418404532104,8.363023499488177,150.2395592945358,False
acceleration_ms2,0.928,0.928,1.0056091137889278,57.4066076122481,310.63418404532104,8.36312261361098,150.21710399520165,False
acceleration_ms2,0.936,0.936,1.0056091137889278,57.4066076122481,310.63418404532104,8.36312261361098,150.17169158409328,False
acceleration_ms2,0.9440000000000001,0.9440000000000001,1.0056091137889278,57.4066076122481,310.63418404532104,8.36645740547581,150.17169158409328,False
acceleration_ms2,0.9520000000000001,0.9520000000000001,1.0056091137889278,57.4066076122481,310.63418404532104,8.367568774271815,150.1659537854255,False
acceleration_ms2,0.9600000000000001,0.9600000000000001,1.0056091137889278,57.4066076122481,310.63418404532104,8.366928312222536,150.0991097537367,False
acceleration_ms2,0.9680000000000001,0.9680000000000001,1.0056091137889278,57.4066076122481,310.63418404532104,8.366700245993638,150.06304652999629,False
acceleration_ms2,0.9760000000000001,0.9760000000000001,1.0056091137889278,57.4066076122481,310.63418404532104,8.366700245993638,150.0333882357428,False
acceleration_ms2,0.984,0.984,1.0056091137889278,57.4066076122481,310.63418404532104,8.366700245993638,150.0287410426753,False
acceleration_ms2,0.992,0.992,1.0056091137889278,57.4066076122481,310.63418404532104,8.366700245993638,150.03636371716337,False
acceleration_ms2,1.0,1.0,1.0056091137889278,57.4066076122481,310.63418404532104,8.370695668992289,149.9947015449359,True
acceleration_ms2,1.008,1.008,1.0056091137889278,57.4066076122481,310.63418404532104,8.371430428402055,149.93869140325785,True
acceleration_ms2,1.016,1.016,1.0056091137889278,57.4066076122481,310.63418404532104,8.371430428402055,149.94102992870367,True
acceleration_ms2,1.024,1.024,1.0056091137889278,57.4066076122481,310.63418404532104,8.379925638063485,149.9237954668038,True
acceleration_ms2,1.032,1.032,1.0056091137889278,57.4066076122481,310.63418404532104,8.379743476201485,149.8403978205678,True
acceleration_ms2,1.04,1.04,1.0056091137889278,57.4066076122481,310.63418404532104,8.380319486589196,149.80755245245746,True
acceleration_ms2,1.048,1.048,1.0056091137889278,57.4066076122481,310.63418404532104,8.380319486589196,149.72123241336672,True
acceleration_ms2,1.056,1.056,1.0056091137889278,57.4066076122481,310.63418404532104,8.380319486589196,149.62397750876033,True
acceleration_ms2,1.064,1.064,1.0056091137889278,57.4066076122481,310.63418404532104,8.38275345429654,149.62846622390018,True
acceleration_ms2,1.072,1.072,1.0056091137889278,57.4066076122481,310.63418404532104,8.38275345429654,149.62094640148777,True
acceleration_ms2,1.08,1.08,1.0056091137889278,57.4066076122481,310.63418404532104,8.383371147985393,149.61802917230457,True
acceleration_ms2,1.088,1.088,1.0056091137889278,57.4066076122481,310.63418404532104,8.384349306534041,149.56270983611148,True
acceleration_ms2,1.096,1.096,1.0056091137889278,57.4066076122481,310.63418404532104,8.384349306534041,149.56270983611148,True
acceleration_ms2,1.104,1.104,1.0056091137889278,57.4066076122481,310.63418404532104,8.383180906193434,149.55699253231194,True
acceleration_ms2,1.112,1.112,1.0056091137889278,57.4066076122481,310.63418404532104,8.383770029178162,149.51925263104278,True
acceleration_ms2,1.12,1.12,1.0056091137889278,57.4066076122481,310.63418404532104,8.383271336782043,149.51925263104278,True
acceleration_ms2,1.1280000000000001,1.1280000000000001,1.0056091137889278,57.4066076122481,310.63418404532104,8.38254826837325,149.17590792638563,True
acceleration_ms2,1.1360000000000001,1.1360000000000001,1.0056091137889278,57.4066076122481,310.63418404532104,8.38254826837325,149.1463800703782,True
acceleration_ms2,1.1440000000000001,1.1440000000000001,1.0056091137889278,57.4066076122481,310.63418404532104,8.38254826837325,149.1155800971807,True
acceleration_ms2,1.1520000000000001,1.1520000000000001,1.0056091137889278,57.4066076122481,310.63418404532104,8.382573773093727,149.0752543481933,True
acceleration_ms2,1.1600000000000001,1.1600000000000001,1.0056091137889278,57.4066076122481,310.63418404532104,8.382573773093727,149.07308541463541,True
acceleration_ms2,1.1680000000000001,1.1680000000000001,1.0056091137889278,57.4066076122481,310.63418404532104,8.382573773093727,149.08594075785038,True
acceleration_ms2,1.1760000000000002,1.1760000000000002,1.0056091137889278,57.4066076122481,310.63418404532104,8.382573773093727,149.09212626621158,True
acceleration_ms2,1.1840000000000002,1.1840000000000002,1.0056091137889278,57.4066076122481,310.63418404532104,8.382573773093727,148.95611864561664,True
acceleration_ms2,1.1920000000000002,1.1920000000000002,1.0056091137889278,57.4066076122481,310.63418404532104,8.382573773093727,148.93455249505442,True
acceleration_ms2,1.2,1.2,1.0056091137889278,57.4066076122481,310.63418404532104,8.382573773093727,148.93455249505442,True
deceleration_ms2,0.5,1.0059539345382271,0.5,57.4066076122481,310.63418404532104,8.339946759877224,155.87378419374994,False
deceleration_ms2,0.506,1.0059539345382271,0.506,57.4066076122481,310.63418404532104,8.339946759877224,155.7350967546878,False
deceleration_ms2,0.512,1.0059539345382271,0.512,57.4066076122481,310.63418404532104,8.340512051214311,155.7140156106555,False
deceleration_ms2,0.518,1.0059539345382271,0.518,57.4066076122481,310.63418404532104,8.340512051214311,155.5583315406565,False
deceleration_ms2,0.524,1.0059539345382271,0.524,57.4066076122481,310.63418404532104,8.344806983745366,155.52531087134838,False
deceleration_ms2,0.53,1.0059539345382271,0.53,57.4066076122481,310.63418404532104,8.344806983745366,155.54276406290666,False
deceleration_ms2,0.536,1.0059539345382271,0.536,57.4066076122481,310.63418404532104,8.343659491829268,155.4216918539029,False
deceleration_ms2,0.542,1.0059539345382271,0.542,57.4066076122481,310.63418404532104,8.350011929637326,154.94330744625682,False
deceleration_ms2,0.548,1.0059539345382271,0.548,57.4066076122481,310.63418404532104,8.350011929637326,154.88379617396913,False
deceleration_ms2,0.554,1.0059539345382271,0.554,57.4066076122481,310.63418404532104,8.354279262920327,154.83273854339205,False
deceleration_ms2,0.56,1.0059539345382271,0.56,57.4066076122481,310.63418404532104,8.354827670115908,154.82008049785398,False
deceleration_ms2,0.5660000000000001,1.0059539345382271,0.5660000000000001,57.4066076122481,310.63418404532104,8.354935447474553,154.81343480737408,False
deceleration_ms2,0.5720000000000001,1.0059539345382271,0.5720000000000001,57.4066076122481,310.63418404532104,8.360858564763834,154.7169348882421,False
deceleration_ms2,0.5780000000000001,1.0059539345382271,0.5780000000000001,57.4066076122481,310.63418404532104,8.35990453923154,154.74650163048528,False
deceleration_ms2,0.5840000000000001,1.0059539345382271,0.5840000000000001,57.4066076122481,310.63418404532104,8.35990453923154,154.74655082247756,False
deceleration_ms2,0.59,1.0059539345382271,0.59,57.4066076122481,310.63418404532104,8.360830538506313,154.72443955548954,False
deceleration_ms2,0.596,1.0059539345382271,0.596,57.4066076122481,310.63418404532104,8.360833613083543,154.70724321049792,False
deceleration_ms2,0.602,1.0059539345382271,0.602,57.4066076122481,310.63418404532104,8.359625945716816,154.64681657842598,False
deceleration_ms2,0.608,1.0059539345382271,0.608,57.4066076122481,310.63418404532104,8.357595533849457,154.5960334431837,False
deceleration_ms2,0.614,1.0059539345382271,0.614,57.4066076122481,310.63418404532104,8.35710813676581,154.28298868128232,False
deceleration_ms2,0.62,1.0059539345382271,0.62,57.4066076122481,310.63418404532104,8.35710813676581,154.26205686690753,False
deceleration_ms2,0.626,1.0059539345382271,0.626,57.4066076122481,310.63418404532104,8.357076698878695,154.1488983658872,False
deceleration_ms2,0.632,1.0059539345382271,0.632,57.4066076122481,310.63418404532104,8.356611769403049,154.11636118113606,False
deceleration_ms2,0.638,1.0059539345382271,0.638,57.4066076122481,310.63418404532104,8.35648408457612,153.96148331652338,False
deceleration_ms2,0.644,1.0059539345382271,0.644,57.4066076122481,310.63418404532104,8.35648408457612,153.682827719794,False
deceleration_ms2,0.65,1.0059539345382271,0.65,57.4066076122481,310.63418404532104,8.35648408457612,153.6998089562951,False
deceleration_ms2,0.656,1.0059539345382271,0.656,57.4066076122481,310.63418404532104,8.35648408457612,153.6192422595459,False
deceleration_ms2,0.662,1.0059539345382271,0.662,57.4066076122481,310.63418404532104,8.35648408457612,153.54653175055836,False
deceleration_ms2,0.668,1.0059539345382271,0.668,57.4066076122481,310.63418404532104,8.355147359503855,153.40590006488517,False
deceleration_ms2,0.674,1.0059539345382271,0.674,57.4066076122481,310.63418404532104,8.356213308051014,153.3500188856073,False
deceleration_ms2,0.68,1.0059539345382271,0.68,57.4066076122481,310.63418404532104,8.356213308051014,153.33023004649684,False
deceleration_ms2,0.686,1.0059539345382271,0.686,57.4066076122481,310.63418404532104,8.360549414662222,153.21103939488677,False
deceleration_ms2,0.6920000000000001,1.0059539345382271,0.6920000000000001,57.4066076122481,310.63418404532104,8.360661081041279,152.9727219705649,False
deceleration_ms2,0.6980000000000001,1.0059539345382271,0.6980000000000001,57.4066076122481,310.63418404532104,8.360661081041279,152.907737140697,False
deceleration_ms2,0.7040000000000001,1.0059539345382271,0.7040000000000001,57.4066076122481,310.63418404532104,8.360400212897915,152.8902629934578,False
deceleration_ms2,0.7100000000000001,1.0059539345382271,0.7100000000000001,57.4066076122481,310.63418404532104,8.359547577475025,152.83666260775723,False
deceleration_ms2,0.716,1.0059539345382271,0.716,57.4066076122481,310.63418404532104,8.359547577475025,152.81370444844697,False
deceleration_ms2,0.722,1.0059539345382271,0.722,57.4066076122481,310.63418404532104,8.359214553039383,152.8124882263039,False
deceleration_ms2,0.728,1.0059539345382271,0.728,57.4066076122481,310.63418404532104,8.361881882307243,152.69241565756815,False
deceleration_ms2,0.734,1.0059539345382271,0.734,57.4066076122481,310.63418404532104,8.361881882307243,152.11615382228518,False
deceleration_ms2,0.74,1.0059539345382271,0.74,57.4066076122481,310.63418404532104,8.3618104232681,152.07042995199654,False
deceleration_ms2,0.746,1.0059539345382271,0.746,57.4066076122481,310.63418404532104,8.3618104232681,151.89435287050733,False
deceleration_ms2,0.752,1.0059539345382271,0.752,57.4066076122481,310.63418404532104,8.3618104232681,151.85917897824956,False
deceleration_ms2,0.758,1.0059539345382271,0.758,57.4066076122481,310.63418404532104,8.3618104232681,151.79722933197633,False
deceleration_ms2,0.764,1.0059539345382271,0.764,57.4066076122481,310.63418404532104,8.362502219811011,151.81835936440422,False
deceleration_ms2,0.77,1.0059539345382271,0.77,57.4066076122481,310.63418404532104,8.3630228217618,151.73496688252428,False
deceleration_ms2,0.776,1.0059539345382271,0.776,57.4066076122481,310.63418404532104,8.36352045016806,151.7340810778083,False
deceleration_ms2,0.782,1.0059539345382271,0.782,57.4066076122481,310.63418404532104,8.364605045759612,151.7547177035132,False
deceleration_ms2,0.788,1.0059539345382271,0.788,57.4066076122481,310.63418404532104,8.363876225454165,151.78693762943143,False
deceleration_ms2,0.794,1.0059539345382271,0.794,57.4066076122481,310.63418404532104,8.364365304728489,151.71962757637536,False
deceleration_ms2,0.8,1.0059539345382271,0.8,57.4066076122481,310.63418404532104,8.364365304728489,151.71558122851252,False
deceleration_ms2,0.806,1.0059539345382271,0.806,57.4066076122481,310.63418404532104,8.366789590624485,151.46835940901036,False
deceleration_ms2,0.812,1.0059539345382271,0.812,57.4066076122481,310.63418404532104,8.367301396518993,151.36480914583512,False
deceleration_ms2,0.8180000000000001,1.0059539345382271,0.8180000000000001,57.4066076122481,310.63418404532104,8.36647096893199,151.1760036688361,False
deceleration_ms2,0.8240000000000001,1.0059539345382271,0.8240000000000001,57.4066076122481,310.63418404532104,8.366012553453844,151.00861563580565,False
deceleration_ms2,0.8300000000000001,1.0059539345382271,0.8300000000000001,57.4066076122481,310.63418404532104,8.365975433617782,150.93623196132125,False
deceleration_ms2,0.8360000000000001,1.0059539345382271,0.8360000000000001,57.4066076122481,310.63418404532104,8.365975433617782,150.91861740830723,False
deceleration_ms2,0.8420000000000001,1.0059539345382271,0.8420000000000001,57.4066076122481,310.63418404532104,8.365975433617782,150.82076466015266,False
deceleration_ms2,0.8480000000000001,1.0059539345382271,0.8480000000000001,57.4066076122481,310.63418404532104,8.365975433617782,150.77973952766305,False
deceleration_ms2,0.8540000000000001,1.0059539345382271,0.8540000000000001,57.4066076122481,310.63418404532104,8.365975433617782,150.7670051715625,False
deceleration_ms2,0.8600000000000001,1.0059539345382271,0.8600000000000001,57.4066076122481,310.63418404532104,8.365975433617782,150.75182088551023,False
deceleration_ms2,0.8660000000000001,1.0059539345382271,0.8660000000000001,57.4066076122481,310.63418404532104,8.366556007470573,150.75430712384517,False
deceleration_ms2,0.8720000000000001,1.0059539345382271,0.8720000000000001,57.4066076122481,310.63418404532104,8.366556007470573,150.68922866679267,False
deceleration_ms2,0.8780000000000001,1.0059539345382271,0.8780000000000001,57.4066076122481,310.63418404532104,8.365796091967507,150.64607715395096,False
deceleration_ms2,0.8840000000000001,1.0059539345382271,0.8840000000000001,57.4066076122481,310.63418404532104,8.365796091967507,150.5825047160018,False
deceleration_ms2,0.8900000000000001,1.0059539345382271,0.8900000000000001,57.4066076122481,310.63418404532104,8.365796091967507,150.51996567854476,False
deceleration_ms2,0.8960000000000001,1.0059539345382271,0.8960000000000001,57.4066076122481,310.63418404532104,8.3663766658203,150.51617399097603,False
deceleration_ms2,0.9020000000000001,1.0059539345382271,0.9020000000000001,57.4066076122481,310.63418404532104,8.366723023531343,150.51507700116625,False
deceleration_ms2,0.9080000000000001,1.0059539345382271,0.9080000000000001,57.4066076122481,310.63418404532104,8.367405962837854,150.52528816200314,False
deceleration_ms2,0.9140000000000001,1.0059539345382271,0.9140000000000001,57.4066076122481,310.63418404532104,8.367405962837854,150.5264879027121,False
deceleration_ms2,0.9200000000000002,1.0059539345382271,0.9200000000000002,57.4066076122481,310.63418404532104,8.365566106472174,150.4918876805456,False
deceleration_ms2,0.926,1.0059539345382271,0.926,57.4066076122481,310.63418404532104,8.365566106472174,150.4918876805456,False
deceleration_ms2,0.932,1.0059539345382271,0.932,57.4066076122481,310.63418404532104,8.365566106472174,150.49846020462053,False
deceleration_ms2,0.9380000000000001,1.0059539345382271,0.9380000000000001,57.4066076122481,310.63418404532104,8.365578335065528,150.48229591997364,False
deceleration_ms2,0.9440000000000001,1.0059539345382271,0.9440000000000001,57.4066076122481,310.63418404532104,8.365578335065528,150.48229591997364,False
deceleration_ms2,0.9500000000000001,1.0059539345382271,0.9500000000000001,57.4066076122481,310.63418404532104,8.36710221162474,150.31781125777385,False
deceleration_ms2,0.9560000000000001,1.0059539345382271,0.9560000000000001,57.4066076122481,310.63418404532104,8.36710221162474,150.29606610958137,False
deceleration_ms2,0.9620000000000001,1.0059539345382271,0.9620000000000001,57.4066076122481,310.63418404532104,8.369198451810657,150.24345695221152,False
deceleration_ms2,0.9680000000000001,1.0059539345382271,0.9680000000000001,57.4066076122481,310.63418404532104,8.369198451810657,150.21637343613102,False
deceleration_ms2,0.9740000000000001,1.0059539345382271,0.9740000000000001,57.4066076122481,310.63418404532104,8.36996118752545,150.12807364837937,False
deceleration_ms2,0.9800000000000001,1.0059539345382271,0.9800000000000001,57.4066076122481,310.63418404532104,8.371389260962822,150.0523139705419,False
deceleration_ms2,0.9860000000000001,1.0059539345382271,0.9860000000000001,57.4066076122481,310.63418404532104,8.371353835833878,149.98126986477388,True
deceleration_ms2,0.9920000000000001,1.0059539345382271,0.9920000000000001,57.4066076122481,310.63418404532104,8.37152744856394,149.95179861159482,True
deceleration_ms2,0.9980000000000001,1.0059539345382271,0.9980000000000001,57.4066076122481,310.63418404532104,8.37152744856394,149.95179861159482,True
deceleration_ms2,1.004,1.0059539345382271,1.004,57.4066076122481,310.63418404532104,8.37152744856394,149.9631008483327,True
deceleration_ms2,1.0100000000000002,1.0059539345382271,1.0100000000000002,57.4066076122481,310.63418404532104,8.371430428402055,149.95685921562878,True
deceleration_ms2,1.016,1.0059539345382271,1.016,57.4066076122481,310.63418404532104,8.371430428402055,149.95210491469206,True
deceleration_ms2,1.0220000000000002,1.0059539345382271,1.0220000000000002,57.4066076122481,310.63418404532104,8.369988045563286,149.95149515614236,True
deceleration_ms2,1.028,1.0059539345382271,1.028,57.4066076122481,310.63418404532104,8.369988045563286,149.94310710325158,True
deceleration_ms2,1.0340000000000003,1.0059539345382271,1.0340000000000003,57.4066076122481,310.63418404532104,8.369905021360324,149.94225757674184,True
deceleration_ms2,1.04,1.0059539345382271,1.04,57.4066076122481,310.63418404532104,8.373977779092629,149.91920553426766,True
deceleration_ms2,1.046,1.0059539345382271,1.046,57.4066076122481,310.63418404532104,8.37351945148949,149.92394751785898,True
deceleration_ms2,1.052,1.0059539345382271,1.052,57.4066076122481,310.63418404532104,8.36020168860383,149.9314812696792,True
deceleration_ms2,1.058,1.0059539345382271,1.058,57.4066076122481,310.63418404532104,8.350513896806293,149.94078241341813,True
deceleration_ms2,1.064,1.0059539345382271,1.064,57.4066076122481,310.63418404532104,8.350513896806293,149.94078241341813,True
deceleration_ms2,1.07,1.0059539345382271,1.07,57.4066076122481,310.63418404532104,8.347158770535078,149.94254980533685,True
deceleration_ms2,1.076,1.0059539345382271,1.076,57.4066076122481,310.63418404532104,8.347158770535078,149.94254980533685,True
deceleration_ms2,1.082,1.0059539345382271,1.082,57.4066076122481,310.63418404532104,8.347158770535078,149.94254980533685,True
deceleration_ms2,1.088,1.0059539345382271,1.088,57.4066076122481,310.63418404532104,8.346548279537725,149.91948679487734,True
deceleration_ms2,1.094,1.0059539345382271,1.094,57.4066076122481,310.63418404532104,8.346548279537725,149.91948679487734,True
deceleration_ms2,1.1,1.0059539345382271,1.1,57.4066076122481,310.63418404532104,8.346548279537725,149.91948679487734,True
speed_limit_kmh,50.0,1.0059539345382271,1.0056091137889278,50.0,310.63418404532104,6.573519421684872,170.9438004119419,False
speed_limit_kmh,50.6,1.0059539345382271,1.0056091137889278,50.6,310.63418404532104,6.622910843482855,170.77454976556487,False
speed_limit_kmh,51.2,1.0059539345382271,1.0056091137889278,51.2,310.63418404532104,6.700886404787802,169.64922853570903,False
speed_limit_kmh,51.8,1.0059539345382271,1.0056091137889278,51.8,310.63418404532104,6.826373571570468,168.2344770064239,False
speed_limit_kmh,52.4,1.0059539345382271,1.0056091137889278,52.4,310.63418404532104,7.004542238402934,165.42061470725451,False
speed_limit_kmh,53.0,1.0059539345382271,1.0056091137889278,53.0,310.63418404532104,7.092824978191035,164.92683489762234,False
speed_limit_kmh,53.6,1.0059539345382271,1.0056091137889278,53.6,310.63418404532104,7.351152262706619,162.47534581355893,False
speed_limit_kmh,54.2,1.0059539345382271,1.0056091137889278,54.2,310.63418404532104,7.480727027199275,161.701160560621,False
speed_limit_kmh,54.8,1.0059539345382271,1.0056091137889278,54.8,310.63418404532104,7.593426152876212,160.25317082068085,False
speed_limit_kmh,55.4,1.0059539345382271,1.0056091137889278,55.4,310.63418404532104,7.911068184098261,156.65794317668124,False
speed_limit_kmh,56.0,1.0059539345382271,1.0056091137889278,56.0,310.63418404532104,7.954367463840479,155.83273131521864,False
speed_limit_kmh,56.6,1.0059539345382271,1.0056091137889278,56.6,310.63418404532104,8.154530118487074,152.63407621411915,False
speed_limit_kmh,57.2,1.0059539345382271,1.0056091137889278,57.2,310.63418404532104,8.353136727374107,150.8724346810518,False
speed_limit_kmh,57.8,1.0059539345382271,1.0056091137889278,57.8,310.63418404532104,8.573547512105156,149.21567440361397,True
speed_limit_kmh,58.4,1.0059539345382271,1.0056091137889278,58.4,310.63418404532104,8.662824484252175,148.71455692556475,True
speed_limit_kmh,59.0,1.0059539345382271,1.0056091137889278,59.0,310.63418404532104,8.806017038614177,147.47818533235372,True
speed_limit_kmh,59.6,1.0059539345382271,1.0056091137889278,59.6,310.63418404532104,8.9647931004591,146.28705437154738,True
speed_limit_kmh,60.2,1.0059539345382271,1.0056091137889278,60.2,310.63418404532104,9.147720409573214,145.1597324913076,True
speed_limit_kmh,60.8,1.0059539345382271,1.0056091137889278,60.8,310.63418404532104,9.312882372142878,143.85325862743596,True
speed_limit_kmh,61.4,1.0059539345382271,1.0056091137889278,61.4,310.63418404532104,9.502931211736172,142.64861062476317,True
speed_limit_kmh,62.0,1.0059539345382271,1.0056091137889278,62.0,310.63418404532104,9.652812961363464,141.2223337481346,True
speed_limit_kmh,62.6,1.0059539345382271,1.0056091137889278,62.6,310.63418404532104,9.81345660780098,140.23248409209342,True
speed_limit_kmh,63.2,1.0059539345382271,1.0056091137889278,63.2,310.63418404532104,9.980580749825581,138.82016820526238,True
speed_limit_kmh,63.8,1.0059539345382271,1.0056091137889278,63.8,310.63418404532104,10.16447168202449,137.93443036306803,True
speed_limit_kmh,64.4,1.0059539345382271,1.0056091137889278,64.4,310.63418404532104,10.40649305364541,136.61558887006024,True
speed_limit_kmh,65.0,1.0059539345382271,1.0056091137889278,65.0,310.63418404532104,10.658541597015823,135.5182786700259,True
speed_limit_kmh,65.6,1.0059539345382271,1.0056091137889278,65.6,310.63418404532104,10.898230181400885,134.41493027608846,True
speed_limit_kmh,66.2,1.0059539345382271,1.0056091137889278,66.2,310.63418404532104,11.108053755906571,133.55829889689002,True
speed_limit_kmh,66.8,1.0059539345382271,1.0056091137889278,66.8,310.63418404532104,11.187066692242974,133.3289175646075,True
speed_limit_kmh,67.4,1.0059539345382271,1.0056091137889278,67.4,310.63418404532104,11.370674383545008,130.99867670888284,True
speed_limit_kmh,68.0,1.0059539345382271,1.0056091137889278,68.0,310.63418404532104,11.513360550501478,130.57190773342518,True
speed_limit_kmh,68.6,1.0059539345382271,1.0056091137889278,68.6,310.63418404532104,11.63895193586781,129.44195046735487,True
speed_limit_kmh,69.2,1.0059539345382271,1.0056091137889278,69.2,310.63418404532104,11.838478925594911,128.77408932481302,True
speed_limit_kmh,69.8,1.0059539345382271,1.0056091137889278,69.8,310.63418404532104,12.11735796148897,128.1712650029922,True
speed_limit_kmh,70.4,1.0059539345382271,1.0056091137889278,70.4,310.63418404532104,12.18434465808544,127.14725319366146,True
speed_limit_kmh,71.0,1.0059539345382271,1.0056091137889278,71.0,310.63418404532104,12.357990985577546,126.37853453214673,True
speed_limit_kmh,71.6,1.0059539345382271,1.0056091137889278,71.6,310.63418404532104,12.505026387008932,125.44404362393624,True
speed_limit_kmh,72.2,1.0059539345382271,1.0056091137889278,72.2,310.63418404532104,12.88390738595599,124.66661350070872,True
speed_limit_kmh,72.8,1.0059539345382271,1.0056091137889278,72.8,310.63418404532104,13.198996272915752,124.0146636705886,True
speed_limit_kmh,73.4,1.0059539345382271,1.0056091137889278,73.4,310.63418404532104,13.369068701502176,122.25261927198963,True
speed_limit_kmh,74.0,1.0059539345382271,1.0056091137889278,74.0,310.63418404532104,13.654634436409012,121.80159917113684,True
speed_limit_kmh,74.6,1.0059539345382271,1.0056091137889278,74.6,310.63418404532104,13.782266019073374,121.67793159074344,True
speed_limit_kmh,75.2,1.0059539345382271,1.0056091137889278,75.2,310.63418404532104,13.947206214571207,121.38843272533876,True
speed_limit_kmh,75.8,1.0059539345382271,1.0056091137889278,75.8,310.63418404532104,14.094375817668436,120.94021926624964,True
speed_limit_kmh,76.4,1.0059539345382271,1.0056091137889278,76.4,310.63418404532104,14.235981550983189,118.22380176516286,True
speed_limit_kmh,77.0,1.0059539345382271,1.0056091137889278,77.0,310.63418404532104,14.448323212648026,117.60034618951586,True
speed_limit_kmh,77.6,1.0059539345382271,1.0056091137889278,77.6,310.63418404532104,14.890042615867472,117.29780915562658,True
speed_limit_kmh,78.2,1.0059539345382271,1.0056091137889278,78.2,310.63418404532104,15.103587020766414,117.00984963137346,True
speed_limit_kmh,78.8,1.0059539345382271,1.0056091137889278,78.8,310.63418404532104,15.169245229207705,116.61493358024217,True
speed_limit_kmh,79.4,1.0059539345382271,1.0056091137889278,79.4,310.63418404532104,15.269546685874733,116.45107298675963,True
speed_limit_kmh,80.0,1.0059539345382271,1.0056091137889278,80.0,310.63418404532104,15.407371905005311,115.76946440015628,True
speed_limit_kmh,80.6,1.0059539345382271,1.0056091137889278,80.6,310.63418404532104,15.60411732035737,115.06178747530649,True
speed_limit_kmh,81.2,1.0059539345382271,1.0056091137889278,81.2,310.63418404532104,16.304380956610554,114.53975200869975,True
speed_limit_kmh,81.8,1.0059539345382271,1.0056091137889278,81.8,310.63418404532104,16.66644991249838,113.95577034760709,True
speed_limit_kmh,82.4,1.0059539345382271,1.0056091137889278,82.4,310.63418404532104,16.800149518172717,113.36125392177033,True
speed_limit_kmh,83.0,1.0059539345382271,1.0056091137889278,83.0,310.63418404532104,16.937404046987663,112.98449731539722,True
speed_limit_kmh,83.6,1.0059539345382271,1.0056091137889278,83.6,310.63418404532104,17.056810296885647,112.68091394350401,True
speed_limit_kmh,84.19999999999999,1.0059539345382271,1.0056091137889278,84.19999999999999,310.63418404532104,17.283076315170955,112.23837474556026,True
speed_limit_kmh,84.8,1.0059539345382271,1.0056091137889278,84.8,310.63418404532104,17.433669677262166,111.80519316299367,True
speed_limit_kmh,85.4,1.0059539345382271,1.0056091137889278,85.4,310.63418404532104,17.928703034723465,111.65843132025594,True
speed_limit_kmh,86.0,1.0059539345382271,1.0056091137889278,86.0,310.63418404532104,18.205406543159928,111.2406727965157,True
speed_limit_kmh,86.6,1.0059539345382271,1.0056091137889278,86.6,310.63418404532104,18.311898713409967,111.14658923453385,True
speed_limit_kmh,87.19999999999999,1.0059539345382271,1.0056091137889278,87.19999999999999,310.63418404532104,18.355699734867613,110.946838351854,True
speed_limit_kmh,87.8,1.0059539345382271,1.0056091137889278,87.8,310.63418404532104,18.422954309788302,110.46558775528416,True
speed_limit_kmh,88.4,1.0059539345382271,1.0056091137889278,88.4,310.63418404532104,18.46889829269487,110.34913508316437,True
speed_limit_kmh,89.0,1.0059539345382271,1.0056091137889278,89.0,310.63418404532104,18.456634090459662,110.05734874878812,True
speed_limit_kmh,89.6,1.0059539345382271,1.0056091137889278,89.6,310.63418404532104,18.72163512107687,109.91035376795078,True
speed_limit_kmh,90.19999999999999,1.0059539345382271,1.0056091137889278,90.19999999999999,310.63418404532104,19.081168276344556,109.0574825996318,True
speed_limit_kmh,90.8,1.0059539345382271,1.0056091137889278,90.8,310.63418404532104,19.16041753300877,108.38842462435215,True
speed_limit_kmh,91.4,1.0059539345382271,1.0056091137889278,91.4,310.63418404532104,19.313649172211747,108.27646868110898,True
speed_limit_kmh,92.0,1.0059539345382271,1.0056091137889278,92.0,310.63418404532104,19.434522302250787,108.18111697977396,True
speed_limit_kmh,92.6,1.0059539345382271,1.0056091137889278,92.6,310.63418404532104,19.543774380466154,108.28100783527005,True
speed_limit_kmh,93.19999999999999,1.0059539345382271,1.0056091137889278,93.19999999999999,310.63418404532104,19.626829161370686,108.23685248400393,True
speed_limit_kmh,93.8,1.0059539345382271,1.0056091137889278,93.8,310.63418404532104,19.730931937703435,108.15103438342467,True
speed_limit_kmh,94.4,1.0059539345382271,1.0056091137889278,94.4,310.63418404532104,19.744627429415335,108.10577817626204,True
speed_limit_kmh,95.0,1.0059539345382271,1.0056091137889278,95.0,310.63418404532104,19.751539398539425,108.30068268788287,True
speed_limit_kmh,95.6,1.0059539345382271,1.0056091137889278,95.6,310.63418404532104,19.73182290951564,108.17584035495138,True
speed_limit_kmh,96.19999999999999,1.0059539345382271,1.0056091137889278,96.19999999999999,310.63418404532104,19.732813759796883,108.11962831588289,True
speed_limit_kmh,96.8,1.0059539345382271,1.0056091137889278,96.8,310.63418404532104,19.796125721949426,108.52272092793382,True
speed_limit_kmh,97.4,1.0059539345382271,1.0056091137889278,97.4,310.63418404532104,19.79291854505554,108.45438512195837,True
speed_limit_kmh,98.0,1.0059539345382271,1.0056091137889278,98.0,310.63418404532104,19.810981586008356,108.51087296323084,True
speed_limit_kmh,98.6,1.0059539345382271,1.0056091137889278,98.6,310.63418404532104,19.82951452321348,108.46907770201089,True
speed_limit_kmh,99.19999999999999,1.0059539345382271,1.0056091137889278,99.19999999999999,310.63418404532104,19.845850574071843,108.60462950025355,True
speed_limit_kmh,99.8,1.0059539345382271,1.0056091137889278,99.8,310.63418404532104,19.77959568343883,108.60235478105315,True
speed_limit_kmh,100.4,1.0059539345382271,1.0056091137889278,100.4,310.63418404532104,19.8039211736968,108.46974262843743,True
speed_limit_kmh,101.0,1.0059539345382271,1.0056091137889278,101.0,310.63418404532104,19.944944029654557,108.44426431178478,True
speed_limit_kmh,101.6,1.0059539345382271,1.0056091137889278,101.6,310.63418404532104,19.983940525045853,108.27659938524803,True
speed_limit_kmh,102.19999999999999,1.0059539345382271,1.0056091137889278,102.19999999999999,310.63418404532104,19.983238109172603,108.20121636082501,True
speed_limit_kmh,102.8,1.0059539345382271,1.0056091137889278,102.8,310.63418404532104,19.963526568095528,108.1189216350967,True
speed_limit_kmh,103.4,1.0059539345382271,1.0056091137889278,103.4,310.63418404532104,19.963526568095528,108.16084591945318,True
speed_limit_kmh,104.0,1.0059539345382271,1.0056091137889278,104.0,310.63418404532104,19.93655849871465,108.12759045838241,True
speed_limit_kmh,104.6,1.0059539345382271,1.0056091137889278,104.6,310.63418404532104,19.94632330867597,108.0901838717104,True
speed_limit_kmh,105.19999999999999,1.0059539345382271,1.0056091137889278,105.19999999999999,310.63418404532104,19.941456115037127,108.07584396717822,True
speed_limit_kmh,105.8,1.0059539345382271,1.0056091137889278,105.8,310.63418404532104,19.953187806749195,108.02867622781561,True
speed_limit_kmh,106.4,1.0059539345382271,1.0056091137889278,106.4,310.63418404532104,19.97966408207113,107.89656809409786,True
speed_limit_kmh,107.0,1.0059539345382271,1.0056091137889278,107.0,310.63418404532104,20.01995917814782,107.8757689705873,True
speed_limit_kmh,107.6,1.0059539345382271,1.0056091137889278,107.6,310.63418404532104,20.025463092319786,107.91538255992023,True
speed_limit_kmh,108.19999999999999,1.0059539345382271,1.0056091137889278,108.19999999999999,310.63418404532104,20.043148082252277,107.86986131147208,True
speed_limit_kmh,108.8,1.0059539345382271,1.0056091137889278,108.8,310.63418404532104,20.04992983265209,107.84853381315621,True
speed_limit_kmh,109.4,1.0059539345382271,1.0056091137889278,109.4,310.63418404532104,20.04992983265209,107.81001955431312,True
speed_limit_kmh,110.0,1.0059539345382271,1.0056091137889278,110.0,310.63418404532104,20.04992983265209,107.60404038361366,True
coasting_point_m,100.0,1.0059539345382271,1.0056091137889278,57.4066076122481,100.0,7.1309671554323355,173.20840707955185,False
coasting_point_m,117.0,1.0059539345382271,1.0056091137889278,57.4066076122481,117.0,7.472423126345991,161.1942293417806,False
coasting_point_m,134.0,1.0059539345382271,1.0056091137889278,57.4066076122481,134.0,7.956266291780349,157.80230238985732,False
coasting_point_m,151.0,1.0059539345382271,1.0056091137889278,57.4066076122481,151.0,8.105169567880656,156.96920308869304,False
coasting_point_m,168.0,1.0059539345382271,1.0056091137889278,57.4066076122481,168.0,8.120046093523648,154.7100129581393,False
coasting_point_m,185.0,1.0059539345382271,1.0056091137889278,57.4066076122481,185.0,8.141404912980702,153.05613033277479,False
coasting_point_m,202.0,1.0059539345382271,1.0056091137889278,57.4066076122481,202.0,8.055746253416757,152.44215414086815,False
coasting_point_m,219.0,1.0059539345382271,1.0056091137889278,57.4066076122481,219.0,8.211443669918541,151.1985553142545,False
coasting_point_m,236.0,1.0059539345382271,1.0056091137889278,57.4066076122481,236.0,8.274352406721155,150.913754368488,False
coasting_point_m,253.0,1.0059539345382271,1.0056091137889278,57.4066076122481,253.0,8.3144347886213,150.62191313337536,False
coasting_point_m,270.0,1.0059539345382271,1.0056091137889278,57.4066076122481,270.0,8.330491219645888,150.20912585379045,False
coasting_point_m,287.0,1.0059539345382271,1.0056091137889278,57.4066076122481,287.0,8.350003614746427,150.1624540799837,False
coasting_point_m,304.0,1.0059539345382271,1.0056091137889278,57.4066076122481,304.0,8.368542744152215,150.04621951975514,False
coasting_point_m,321.0,1.0059539345382271,1.0056091137889278,57.4066076122481,321.0,8.375330440071378,149.8480047640086,True
coasting_point_m,338.0,1.0059539345382271,1.0056091137889278,57.4066076122481,338.0,8.400176659537916,149.76516563523603,True
coasting_point_m,355.0,1.0059539345382271,1.0056091137889278,57.4066076122481,355.0,8.43828570060699,149.71561444966054,True
coasting_point_m,372.0,1.0059539345382271,1.0056091137889278,57.4066076122481,372.0,8.458454211173029,149.64401293206464,True
coasting_point_m,389.0,1.0059539345382271,1.0056091137889278,57.4066076122481,389.0,8.472903581709822,149.57153375362196,True
coasting_point_m,406.0,1.0059539345382271,1.0056091137889278,57.4066076122481,406.0,8.489828550525374,149.39469673255357,True
coasting_point_m,423.0,1.0059539345382271,1.0056091137889278,57.4066076122481,423.0,8.509537835674083,149.124902843758,True
coasting_point_m,440.0,1.0059539345382271,1.0056091137889278,57.4066076122481,440.0,8.529253370658195,149.0264546320611,True
coasting_point_m,457.0,1.0059539345382271,1.0056091137889278,57.4066076122481,457.0,8.576822929323761,148.93094568695497,True
coasting_point_m,474.0,1.0059539345382271,1.0056091137889278,57.4066076122481,474.0,8.678485453869083,148.78935277429213,True
coasting_point_m,491.0,1.0059539345382271,1.0056091137889278,57.4066076122481,491.0,8.68567670797454,148.719579304294,True
coasting_point_m,508.0,1.0059539345382271,1.0056091137889278,57.4066076122481,508.0,8.68944484675771,148.62974975693942,True
coasting_point_m,525.0,1.0059539345382271,1.0056091137889278,57.4066076122481,525.0,8.717118657928552,148.5466680366549,True
coasting_point_m,542.0,1.0059539345382271,1.0056091137889278,57.4066076122481,542.0,8.766437159990588,148.4506950987667,True
coasting_point_m,559.0,1.0059539345382271,1.0056091137889278,57.4066076122481,559.0,8.774435186731615,148.3975929025805,True
coasting_point_m,576.0,1.0059539345382271,1.0056091137889278,57.4066076122481,576.0,8.780714765642847,148.37047566992698,True
coasting_point_m,593.0,1.0059539345382271,1.0056091137889278,57.4066076122481,593.0,8.79120727714163,148.00718236420371,True
coasting_point_m,610.0,1.0059539345382271,1.0056091137889278,57.4066076122481,610.0,8.819433975177263,147.6927332209629,True
coasting_point_m,627.0,1.0059539345382271,1.0056091137889278,57.4066076122481,627.0,8.825139673418851,147.5283052967747,True
coasting_point_m,644.0,1.0059539345382271,1.0056091137889278,57.4066076122481,644.0,8.857216104053935,147.48767520225582,True
coasting_point_m,661.0,1.0059539345382271,1.0056091137889278,57.4066076122481,661.0,8.911057178211198,147.414764289018,True
coasting_point_m,678.0,1.0059539345382271,1.0056091137889278,57.4066076122481,678.0,8.939468415932783,147.27736950814128,True
coasting_point_m,695.0,1.0059539345382271,1.0056091137889278,57.4066076122481,695.0,8.945314215879051,147.10675602288913,True
coasting_point_m,712.0,1.0059539345382271,1.0056091137889278,57.4066076122481,712.0,8.988349397907314,147.10192146104126,True
coasting_point_m,729.0,1.0059539345382271,1.0056091137889278,57.4066076122481,729.0,9.11115744340585,146.99187725569539,True
coasting_point_m,746.0,1.0059539345382271,1.0056091137889278,57.4066076122481,746.0,9.140717980145883,146.89007997878102,True
coasting_point_m,763.0,1.0059539345382271,1.0056091137889278,57.4066076122481,763.0,9.169986434167967,146.79692312795683,True
coasting_point_m,780.0,1.0059539345382271,1.0056091137889278,57.4066076122481,780.0,9.189139393605078,146.70592743068545,True
coasting_point_m,797.0,1.0059539345382271,1.0056091137889278,57.4066076122481,797.0,9.224878679528766,146.4057671154625,True
coasting_point_m,814.0,1.0059539345382271,1.0056091137889278,57.4066076122481,814.0,9.267169359162075,146.35217761053343,True
coasting_point_m,831.0,1.0059539345382271,1.0056091137889278,57.4066076122481,831.0,9.270840043658577,146.3291712070216,True
coasting_point_m,848.0,1.0059539345382271,1.0056091137889278,57.4066076122481,848.0,9.305344867999462,146.3687103339525,True
coasting_point_m,865.0,1.0059539345382271,1.0056091137889278,57.4066076122481,865.0,9.328464607793968,146.16049943373736,True
coasting_point_m,882.0,1.0059539345382271,1.0056091137889278,57.4066076122481,882.0,9.339707551052179,145.93373121316912,True
coasting_point_m,899.0,1.0059539345382271,1.0056091137889278,57.4066076122481,899.0,9.344995522284975,145.60612009760933,True
coasting_point_m,916.0,1.0059539345382271,1.0056091137889278,57.4066076122481,916.0,9.395954356931194,145.32168378419422,True
coasting_point_m,933.0,1.0059539345382271,1.0056091137889278,57.4066076122481,933.0,9.427658158144162,145.10583715706977,True
coasting_point_m,950.0,1.0059539345382271,1.0056091137889278,57.4066076122481,950.0,9.428061163656826,144.89952702153698,True
coasting_point_m,967.0,1.0059539345382271,1.0056091137889278,57.4066076122481,967.0,9.435306279803632,144.6568110819461,True
coasting_point_m,984.0,1.0059539345382271,1.0056091137889278,57.4066076122481,984.0,9.479049746783929,144.5127292626661,True
coasting_point_m,1001.0,1.0059539345382271,1.0056091137889278,57.4066076122481,1001.0,9.541857523892398,144.44123601159853,True
coasting_point_m,1018.0,1.0059539345382271,1.0056091137889278,57.4066076122481,1018.0,9.571901445699732,144.47855889036592,True
coasting_point_m,1035.0,1.0059539345382271,1.0056091137889278,57.4066076122481,1035.0,9.572199877388615,144.4822465697851,True
coasting_point_m,1052.0,1.0059539345382271,1.0056091137889278,57.4066076122481,1052.0,9.57916649939308,144.5006097593084,True
coasting_point_m,1069.0,1.0059539345382271,1.0056091137889278,57.4066076122481,1069.0,9.599860488539463,144.47070051972375,True
coasting_point_m,1086.0,1.0059539345382271,1.0056091137889278,57.4066076122481,1086.0,9.629052095295094,144.30931171364975,True
coasting_point_m,1103.0,1.0059539345382271,1.0056091137889278,57.4066076122481,1103.0,9.649010538657116,144.2551323254119,True
coasting_point_m,1120.0,1.0059539345382271,1.0056091137889278,57.4066076122481,1120.0,9.69130196928409,144.20422129503095,True
coasting_point_m,1137.0,1.0059539345382271,1.0056091137889278,57.4066076122481,1137.0,9.703816030428772,144.2020920111277,True
coasting_point_m,1154.0,1.0059539345382271,1.0056091137889278,57.4066076122481,1154.0,9.726821105884405,144.17326014346295,True
coasting_point_m,1171.0,1.0059539345382271,1.0056091137889278,57.4066076122481,1171.0,9.755033138449509,144.16259708527681,True
coasting_point_m,1188.0,1.0059539345382271,1.0056091137889278,57.4066076122481,1188.0,9.775171074643549,144.15817651637104,True
coasting_point_m,1205.0,1.0059539345382271,1.0056091137889278,57.4066076122481,1205.0,9.821570768383939,144.1345260554143,True
coasting_point_m,1222.0,1.0059539345382271,1.0056091137889278,57.4066076122481,1222.0,9.875540672051336,143.85115795055324,True
coasting_point_m,1239.0,1.0059539345382271,1.0056091137889278,57.4066076122481,1239.0,9.909366473582914,143.80779148572742,True
coasting_point_m,1256.0,1.0059539345382271,1.0056091137889278,57.4066076122481,1256.0,9.926180429980029,143.74496139404647,True
coasting_point_m,1273.0,1.0059539345382271,1.0056091137889278,57.4066076122481,1273.0,9.961869579783995,143.65447973821267,True
coasting_point_m,1290.0,1.0059539345382271,1.0056091137889278,57.4066076122481,1290.0,9.975768761264408,143.59185128554344,True
coasting_point_m,1307.0,1.0059539345382271,1.0056091137889278,57.4066076122481,1307.0,9.9897750748033,143.56371399553535,True
coasting_point_m,1324.0,1.0059539345382271,1.0056091137889278,57.4066076122481,1324.0,10.013263017563077,143.44377382124458,True
coasting_point_m,1341.0,1.0059539345382271,1.0056091137889278,57.4066076122481,1341.0,10.079368753077429,143.38398239526236,True
coasting_point_m,1358.0,1.0059539345382271,1.0056091137889278,57.4066076122481,1358.0,10.130839818741942,143.2985110920583,True
coasting_point_m,1375.0,1.0059539345382271,1.0056091137889278,57.4066076122481,1375.0,10.168507496170948,143.2505606928718,True
coasting_point_m,1392.0,1.0059539345382271,1.0056091137889278,57.4066076122481,1392.0,10.177824646005854,143.182143720976,True
coasting_point_m,1409.0,1.0059539345382271,1.0056091137889278,57.4066076122481,1409.0,10.243405352727342,143.07175011889328,True
coasting_point_m,1426.0,1.0059539345382271,1.0056091137889278,57.4066076122481,1426.0,10.264077636121781,143.0690094910555,True
coasting_point_m,1443.0,1.0059539345382271,1.0056091137889278,57.4066076122481,1443.0,10.27524553232501,143.0220445482333,True
coasting_point_m,1460.0,1.0059539345382271,1.0056091137889278,57.4066076122481,1460.0,10.298328302994701,143.0059270398454,True
coasting_point_m,1477.0,1.0059539345382271,1.0056091137889278,57.4066076122481,1477.0,10.327024758188461,142.87518008435427,True
coasting_point_m,1494.0,1.0059539345382271,1.0056091137889278,57.4066076122481,1494.0,10.353152692842194,142.8646582672468,True
coasting_point_m,1511.0,1.0059539345382271,1.0056091137889278,57.4066076122481,1511.0,10.384861048627922,142.85384217278875,True
coasting_point_m,1528.0,1.0059539345382271,1.0056091137889278,57.4066076122481,1528.0,10.407074170440923,142.87067499513466,True
coasting_point_m,1545.0,1.0059539345382271,1.0056091137889278,57.4066076122481,1545.0,10.424669401720587,142.88628633654506,True
coasting_point_m,1562.0,1.0059539345382271,1.0056091137889278,57.4066076122481,1562.0,10.491922967724317,142.88653256331486,True
coasting_point_m,1579.0,1.0059539345382271,1.0056091137889278,57.4066076122481,1579.0,10.507271743823843,142.88916423703847,True
coasting_point_m,1596.0,1.0059539345382271,1.0056091137889278,57.4066076122481,1596.0,10.553894567621363,142.89939298325433,True
coasting_point_m,1613.0,1.0059539345382271,1.0056091137889278,57.4066076122481,1613.0,10.572405347570937,142.90510612364585,True
coasting_point_m,1630.0,1.0059539345382271,1.0056091137889278,57.4066076122481,1630.0,10.57489773861583,142.90166725446488,True
coasting_point_m,1647.0,1.0059539345382271,1.0056091137889278,57.4066076122481,1647.0,10.60606134746388,142.89075998848222,True
coasting_point_m,1664.0,1.0059539345382271,1.0056091137889278,57.4066076122481,1664.0,10.61501712277447,142.88494273361977,True
coasting_point_m,1681.0,1.0059539345382271,1.0056091137889278,57.4066076122481,1681.0,10.627738429033462,142.86889777857155,True
coasting_point_m,1698.0,1.0059539345382271,1.0056091137889278,57.4066076122481,1698.0,10.646968571495352,142.85391184495973,True
coasting_point_m,1715.0,1.0059539345382271,1.0056091137889278,57.4066076122481,1715.0,10.676622606006923,142.84204313036182,True
coasting_point_m,1732.0,1.0059539345382271,1.0056091137889278,57.4066076122481,1732.0,10.702757969219869,142.83423993218503,True
coasting_point_m,1749.0,1.0059539345382271,1.0056091137889278,57.4066076122481,1749.0,10.70620075213545,142.84211360875702,True
coasting_point_m,1766.0,1.0059539345382271,1.0056091137889278,57.4066076122481,1766.0,10.72440664104618,142.84467343292565,True
coasting_point_m,1783.0,1.0059539345382271,1.0056091137889278,57.4066076122481,1783.0,10.739890946396175,142.82852580076778,True
coasting_point_m,1800.0,1.0059539345382271,1.0056091137889278,57.4066076122481,1800.0,10.749713200778993,142.7475772505311,True
